{"cameraMode":{"drawMode":0,"name":"Shaded","section":"Shading Mode"},"sceneLighting":true,"audioPlay":false,"sceneViewState":{"showFog":true,"showMaterialUpdate":false,"showSkybox":true,"showFlares":true,"showImageEffects":true,"showParticleSystems":true},"in2DMode":false,"pivot":{"x":172.39999389648438,"y":0.5,"z":33.400001525878909},"rotation":{"x":0.4339909255504608,"y":0.0833168625831604,"z":-0.04028652235865593,"w":0.8962424993515015},"size":321.19024658203127,"orthographic":false}