{"cameraMode":{"drawMode":0,"name":"Shaded","section":"Shading Mode"},"sceneLighting":true,"audioPlay":false,"sceneViewState":{"showFog":true,"showMaterialUpdate":false,"showSkybox":true,"showFlares":true,"showImageEffects":true,"showParticleSystems":true},"in2DMode":false,"pivot":{"x":100.4000015258789,"y":1.7999999523162842,"z":53.40460205078125},"rotation":{"x":0.06022084504365921,"y":0.5848497748374939,"z":-0.043665241450071338,"w":0.8077788352966309},"size":181.5407257080078,"orthographic":false}