{"cameraMode":{"drawMode":0,"name":"Shaded","section":"Shading Mode"},"sceneLighting":true,"audioPlay":false,"sceneViewState":{"showFog":true,"showMaterialUpdate":false,"showSkybox":true,"showFlares":true,"showImageEffects":true,"showParticleSystems":true},"in2DMode":false,"pivot":{"x":-0.0007675766828469932,"y":20.219913482666017,"z":-22.39975929260254},"rotation":{"x":-0.19820837676525117,"y":0.3152351677417755,"z":-0.06752552837133408,"w":-0.9256528615951538},"size":71.80329895019531,"orthographic":false}