{"cameraMode":{"drawMode":0,"name":"Shaded","section":"Shading Mode"},"sceneLighting":true,"audioPlay":false,"sceneViewState":{"showFog":true,"showMaterialUpdate":false,"showSkybox":true,"showFlares":true,"showImageEffects":true,"showParticleSystems":true},"in2DMode":false,"pivot":{"x":143.62054443359376,"y":0.7231641411781311,"z":-21.39870834350586},"rotation":{"x":0.2797364592552185,"y":0.20653827488422395,"z":-0.06148722767829895,"w":0.935691773891449},"size":418.6564025878906,"orthographic":false}