{"cameraMode":{"drawMode":0,"name":"Shaded","section":"Shading Mode"},"sceneLighting":false,"audioPlay":false,"sceneViewState":{"showFog":true,"showMaterialUpdate":false,"showSkybox":false,"showFlares":true,"showImageEffects":true,"showParticleSystems":true},"in2DMode":false,"pivot":{"x":0.5899999737739563,"y":1.4800000190734864,"z":2.5451531410217287},"rotation":{"x":-0.15156801044940949,"y":0.2745486795902252,"z":-0.0438857339322567,"w":-0.9485644102096558},"size":2.233638048171997,"orthographic":false}