{"cameraMode":{"drawMode":0,"name":"Shaded","section":"Shading Mode"},"sceneLighting":true,"audioPlay":false,"sceneViewState":{"showFog":true,"showMaterialUpdate":false,"showSkybox":true,"showFlares":true,"showImageEffects":true,"showParticleSystems":true},"in2DMode":false,"pivot":{"x":1.9692251682281495,"y":2.322990655899048,"z":5.15053129196167},"rotation":{"x":-0.23133353888988496,"y":0.008503912948071957,"z":-0.0020157985854893924,"w":-0.9728590846061707},"size":49.92368698120117,"orthographic":false}