{"cameraMode":{"drawMode":0,"name":"Shaded","section":"Shading Mode"},"sceneLighting":false,"audioPlay":false,"sceneViewState":{"showFog":true,"showMaterialUpdate":false,"showSkybox":false,"showFlares":true,"showImageEffects":true,"showParticleSystems":true},"in2DMode":false,"pivot":{"x":10.930000305175782,"y":1.4800000190734864,"z":1.8200000524520875},"rotation":{"x":-0.17412801086902619,"y":0.1774139404296875,"z":-0.03186486288905144,"w":-0.9681184887886047},"size":2.857883930206299,"orthographic":false}