{"cameraMode":{"drawMode":0,"name":"Shaded","section":"Shading Mode"},"sceneLighting":true,"audioPlay":false,"sceneViewState":{"showFog":true,"showMaterialUpdate":false,"showSkybox":true,"showFlares":true,"showImageEffects":true,"showParticleSystems":true},"in2DMode":false,"pivot":{"x":-1.7200000286102296,"y":0.0,"z":-3.4100000858306886},"rotation":{"x":-0.19911204278469087,"y":0.11848777532577515,"z":-0.024257918819785119,"w":-0.9724980592727661},"size":55.083396911621097,"orthographic":false}