{"cameraMode":{"drawMode":0,"name":"Shaded","section":"Shading Mode"},"sceneLighting":false,"audioPlay":false,"sceneViewState":{"showFog":true,"showMaterialUpdate":false,"showSkybox":false,"showFlares":true,"showImageEffects":true,"showParticleSystems":true},"in2DMode":false,"pivot":{"x":-1.6699999570846558,"y":1.2100000381469727,"z":6.2123565673828129},"rotation":{"x":-0.16216547787189485,"y":0.13545438647270204,"z":-0.02248079888522625,"w":-0.9771925210952759},"size":1.2593083381652833,"orthographic":false}