{"cameraMode":{"drawMode":0,"name":"Shaded","section":"Shading Mode"},"sceneLighting":true,"audioPlay":false,"sceneViewState":{"showFog":true,"showMaterialUpdate":false,"showSkybox":true,"showFlares":true,"showImageEffects":true,"showParticleSystems":true},"in2DMode":false,"pivot":{"x":8.0,"y":1.7999999523162842,"z":20.700000762939454},"rotation":{"x":-0.07886054366827011,"y":0.016189729794859887,"z":-0.0012730512535199524,"w":-0.9967671632766724},"size":42.115875244140628,"orthographic":false}