{"cameraMode":{"drawMode":0,"name":"Shaded","section":"Shading Mode"},"sceneLighting":false,"audioPlay":false,"sceneViewState":{"showFog":true,"showMaterialUpdate":false,"showSkybox":false,"showFlares":true,"showImageEffects":true,"showParticleSystems":true},"in2DMode":false,"pivot":{"x":-30.809999465942384,"y":1.8899998664855958,"z":6.2123565673828129},"rotation":{"x":-0.22257468104362489,"y":-0.11111330986022949,"z":0.02554372139275074,"w":-0.968232274055481},"size":4.42894172668457,"orthographic":false}