{"cameraMode":{"drawMode":0,"name":"Shaded","section":"Shading Mode"},"sceneLighting":true,"audioPlay":false,"sceneViewState":{"showFog":true,"showMaterialUpdate":false,"showSkybox":true,"showFlares":true,"showImageEffects":true,"showParticleSystems":true},"in2DMode":false,"pivot":{"x":-29.244478225708009,"y":-2.8709824085235597,"z":6.2123565673828129},"rotation":{"x":-0.15671348571777345,"y":-0.428559809923172,"z":0.07575332373380661,"w":-0.8865994215011597},"size":30.001522064208986,"orthographic":false}