{"cameraMode":{"drawMode":0,"name":"Shaded","section":"Shading Mode"},"sceneLighting":true,"audioPlay":false,"sceneViewState":{"showFog":true,"showMaterialUpdate":false,"showSkybox":true,"showFlares":true,"showImageEffects":true,"showParticleSystems":true},"in2DMode":false,"pivot":{"x":-45.70000076293945,"y":0.30000001192092898,"z":-44.599998474121097},"rotation":{"x":0.4862397015094757,"y":-0.023844340816140176,"z":0.01331290602684021,"w":0.8734769225120544},"size":169.76284790039063,"orthographic":false}