{"cameraMode":{"drawMode":0,"name":"Shaded","section":"Shading Mode"},"sceneLighting":false,"audioPlay":false,"sceneViewState":{"showFog":true,"showMaterialUpdate":false,"showSkybox":false,"showFlares":true,"showImageEffects":true,"showParticleSystems":true},"in2DMode":false,"pivot":{"x":12.579999923706055,"y":1.100000023841858,"z":-7.199999809265137},"rotation":{"x":-0.17412801086902619,"y":0.1774139404296875,"z":-0.03186486288905144,"w":-0.9681184887886047},"size":2.8578836917877199,"orthographic":false}