{"cameraMode":{"drawMode":0,"name":"Shaded","section":"Shading Mode"},"sceneLighting":false,"audioPlay":false,"sceneViewState":{"showFog":true,"showMaterialUpdate":false,"showSkybox":false,"showFlares":true,"showImageEffects":true,"showParticleSystems":true},"in2DMode":false,"pivot":{"x":-5.119999885559082,"y":3.380000114440918,"z":13.739999771118164},"rotation":{"x":-0.19691766798496247,"y":-0.0839652270078659,"z":0.01693412847816944,"w":-0.9766847491264343},"size":4.041658401489258,"orthographic":false}