{"cameraMode":{"drawMode":0,"name":"Shaded","section":"Shading Mode"},"sceneLighting":false,"audioPlay":false,"sceneViewState":{"showFog":true,"showMaterialUpdate":false,"showSkybox":false,"showFlares":true,"showImageEffects":true,"showParticleSystems":true},"in2DMode":false,"pivot":{"x":12.233453750610352,"y":1.2836085557937623,"z":6.263718605041504},"rotation":{"x":0.25733131170272829,"y":0.6089464426040649,"z":-0.21835976839065553,"w":0.7178859710693359},"size":4.54288387298584,"orthographic":false}